INSERT INTO FARMER VALUES ('F001', 'Somchai Jaidee',    '081-234-5678', 12);
INSERT INTO FARMER VALUES ('F002', 'Wanchai Kaewkla',   '082-345-6789',  7);
INSERT INTO FARMER VALUES ('F003', 'Nattaporn Suwan',   '083-456-7890',  3);
INSERT INTO FARMER VALUES ('F004', 'Prapha Mongkol',    '084-567-8901', 18);

INSERT INTO VARIETY VALUES ('V001', 'SR-SUNRISE',  'Sunrise',        'Netted',  75);
INSERT INTO VARIETY VALUES ('V002', 'SK-SAKATA',   'Sakata Green',   'Smooth',  80);
INSERT INTO VARIETY VALUES ('V003', 'HD-HONEYDEW', 'Honey Dew',      'Smooth',  85);
INSERT INTO VARIETY VALUES ('V004', 'GG-GEMSTONE', 'Green Gem',      'Netted',  70);

INSERT INTO PLOT_TYPE VALUES ('PT001', 'GREENHOUSE',  'Greenhouse');
INSERT INTO PLOT_TYPE VALUES ('PT002', 'OPEN_FIELD',  'Open Field');
INSERT INTO PLOT_TYPE VALUES ('PT003', 'RAISED_BED',  'Raised Bed');

INSERT INTO PLOT VALUES ('PL001', 'PLOT-A1', 'North Block A1',  2.00, 'PT001', 6.50, 'Sandy Loam');
INSERT INTO PLOT VALUES ('PL002', 'PLOT-A2', 'North Block A2',  1.50, 'PT001', 6.80, 'Sandy Loam');
INSERT INTO PLOT VALUES ('PL003', 'PLOT-B1', 'South Block B1',  3.00, 'PT002', 7.00, 'Loam');
INSERT INTO PLOT VALUES ('PL004', 'PLOT-B2', 'South Block B2',  2.50, 'PT002', 6.90, 'Clay Loam');
INSERT INTO PLOT VALUES ('PL005', 'PLOT-C1', 'East Raised C1',  1.00, 'PT003', 6.60, 'Loam');

INSERT INTO INPUT VALUES ('IN001', 'NPK 15-15-15',           'Fertilizer',  'Kg',   25.00);
INSERT INTO INPUT VALUES ('IN002', 'Potassium Sulfate K2SO4', 'Fertilizer',  'Kg',   45.00);
INSERT INTO INPUT VALUES ('IN003', 'Abamectin Insecticide',   'Pesticide',   'L',   320.00);
INSERT INTO INPUT VALUES ('IN004', 'Mancozeb Fungicide',      'Pesticide',   'Kg',  180.00);
INSERT INTO INPUT VALUES ('IN005', 'Water-Soluble Nutrient',  'Fertilizer',  'Kg',   60.00);

INSERT INTO SEEDLING VALUES ('SL001', 'PL001', 'V001', 'F001', DATE '2025-01-05',  50.00, 210);
INSERT INTO SEEDLING VALUES ('SL002', 'PL002', 'V001', 'F001', DATE '2025-01-05',  40.00, 165);
INSERT INTO SEEDLING VALUES ('SL003', 'PL003', 'V002', 'F002', DATE '2025-01-10',  75.00, 300);
INSERT INTO SEEDLING VALUES ('SL004', 'PL004', 'V003', 'F003', DATE '2025-02-01',  60.00, 248);
INSERT INTO SEEDLING VALUES ('SL005', 'PL005', 'V004', 'F004', DATE '2025-02-10',  25.00,  98);
INSERT INTO SEEDLING VALUES ('SL006', 'PL003', 'V004', 'F002', DATE '2025-03-01',  70.00, 285);

INSERT INTO PLANTING VALUES ('PN001', 'PL001', 'V001', DATE '2025-01-20', 200,  5.00);
INSERT INTO PLANTING VALUES ('PN002', 'PL002', 'V001', DATE '2025-01-20', 155,  3.50);
INSERT INTO PLANTING VALUES ('PN003', 'PL003', 'V002', DATE '2025-01-25', 290,  7.00);
INSERT INTO PLANTING VALUES ('PN004', 'PL004', 'V003', DATE '2025-02-15', 240,  6.00);
INSERT INTO PLANTING VALUES ('PN005', 'PL005', 'V004', DATE '2025-02-24',  90,  2.00);

INSERT INTO CARE VALUES ('CA001', 'PL001', 'IN001', DATE '2025-02-01', 'Fertilizing',   20.00,   500.00);
INSERT INTO CARE VALUES ('CA002', 'PL001', 'IN003', DATE '2025-02-15', 'Pest Control',   2.00,   640.00);
INSERT INTO CARE VALUES ('CA003', 'PL002', 'IN001', DATE '2025-02-01', 'Fertilizing',   15.00,   375.00);
INSERT INTO CARE VALUES ('CA004', 'PL003', 'IN002', DATE '2025-02-10', 'Fertilizing',   30.00,  1350.00);
INSERT INTO CARE VALUES ('CA005', 'PL003', 'IN004', DATE '2025-02-20', 'Pest Control',  10.00,  1800.00);
INSERT INTO CARE VALUES ('CA006', 'PL004', 'IN005', DATE '2025-03-01', 'Fertilizing',   25.00,  1500.00);
INSERT INTO CARE VALUES ('CA007', 'PL004', 'IN003', DATE '2025-03-10', 'Pest Control',   1.50,   480.00);
INSERT INTO CARE VALUES ('CA008', 'PL005', 'IN001', DATE '2025-03-05', 'Fertilizing',    8.00,   200.00);

INSERT INTO HARVEST VALUES ('HV001', 'PL001', 'F001', DATE '2025-04-05', 1800.00, 195, 170, 15, 14.50, 55.00,  99000.00);
INSERT INTO HARVEST VALUES ('HV002', 'PL002', 'F001', DATE '2025-04-05', 1320.00, 148, 125, 12, 13.80, 55.00,  72600.00);
INSERT INTO HARVEST VALUES ('HV003', 'PL003', 'F002', DATE '2025-04-12', 2700.00, 280, 245, 20, 12.90, 50.00, 135000.00);
INSERT INTO HARVEST VALUES ('HV004', 'PL004', 'F003', DATE '2025-05-02', 2100.00, 232, 200, 18, 13.20, 52.00, 109200.00);
INSERT INTO HARVEST VALUES ('HV005', 'PL005', 'F004', DATE '2025-05-06',  760.00,  85,  78,  5, 15.10, 60.00,  45600.00);
INSERT INTO HARVEST VALUES ('HV006', 'PL003', 'F002', DATE '2025-06-10', 2550.00, 268, 238, 16, 13.50, 50.00, 127500.00);

COMMIT;
